Workbook

Sheet README
A1: RIIP — Data Cleaning Workbook
A2: Detect and fix the known issues from the Raw Workbook, with formulas.
A5: Approach:
A6: 1. Sales_Dirty — the raw data with issues
A7: 2. Issue_Flags — formulas flag missing prices & duplicate rows
A8: 3. Cleaning_Summary — issue counts (COUNTBLANK / SUMPRODUCT)
A9: 4. Sales_Clean — imputed price (catalog fallback) + de-duplicated
A10: 5. PowerQuery_Steps — the equivalent Power Query (M) applied steps
A12: Cleaning rules:
A13: • Missing unit_price -> fall back to product catalog price
A14: • Duplicate rows -> flagged via COUNTIFS, removed in the clean set

Sheet Sales_Dirty
A1: sales_key | B1: product_key | C1: sku | D1: units_sold_qty | E1: unit_price | F1: catalog_price | G1: net_sales_amount
A2: 100 | B2: 1 | C2: SKU-000001 | D2: 1 | F2: 119 | G2: 119
A3: 119 | B3: 3 | C3: SKU-000003 | D3: 1 | F3: 291.73 | G3: 291.73
A4: 156 | B4: 3 | C4: SKU-000003 | D4: 1 | F4: 291.73 | G4: 291.73
A5: 381 | B5: 6 | C5: SKU-000006 | D5: 1 | F5: 67.97 | G5: 67.97
A6: 604 | B6: 13 | C6: SKU-000013 | D6: 1 | F6: 402.08 | G6: 402.08
A7: 622 | B7: 13 | C7: SKU-000013 | D7: 1 | F7: 402.08 | G7: 402.08
A8: 741 | B8: 13 | C8: SKU-000013 | D8: 1 | F8: 402.08 | G8: 402.08
A9: 824 | B9: 14 | C9: SKU-000014 | D9: 1 | F9: 29.47 | G9: 29.47
A10: 918 | B10: 16 | C10: SKU-000016 | D10: 1 | F10: 358.35 | G10: 358.35
A11: 1207 | B11: 23 | C11: SKU-000023 | D11: 1 | F11: 275.12 | G11: 275.12
A12: 1318 | B12: 27 | C12: SKU-000027 | D12: 2 | F12: 174.04 | G12: 348.08
A13: 1359 | B13: 27 | C13: SKU-000027 | D13: 1 | F13: 174.04 | G13: 174.04
... A61: 7158 | B61: 141 | C61: SKU-000141 | D61: 1 | F61: 265.53 | G61: 265.53
A62: 466 | B62: 8 | C62: SKU-000008 | D62: 1 | E62: 234.35 | F62: 234.35 | G62: 234.35
A63: 1403 | B63: 27 | C63: SKU-000027 | D63: 1 | E63: 174.04 | F63: 174.04 | G63: 174.04
A64: 1452 | B64: 28 | C64: SKU-000028 | D64: 1 | E64: 419.71 | F64: 419.71 | G64: 419.71
A65: 1465 | B65: 28 | C65: SKU-000028 | D65: 1 | E65: 419.71 | F65: 419.71 | G65: 419.71
A66: 1732 | B66: 29 | C66: SKU-000029 | D66: 1 | E66: 96.01 | F66: 96.01 | G66: 96.01
A67: 1797 | B67: 30 | C67: SKU-000030 | D67: 1 | E67: 359.65 | F67: 359.65 | G67: 359.65
A68: 1809 | B68: 30 | C68: SKU-000030 | D68: 1 | E68: 359.65 | F68: 359.65 | G68: 359.65
A69: 1867 | B69: 31 | C69: SKU-000031 | D69: 1 | E69: 474.08 | F69: 474.08 | G69: 474.08
A70: 2150 | B70: 40 | C70: SKU-000040 | D70: 1 | E70: 342.86 | F70: 342.86 | G70: 342.86
A71: 2323 | B71: 44 | C71: SKU-000044 | D71: 1 | E71: 71.47 | F71: 71.47 | G71: 71.47
A72: 2352 | B72: 46 | C72: SKU-000046 | D72: 2 | E72: 167.01 | F72: 167.01 | G72: 334.02
A73: 2815 | B73: 52 | C73: SKU-000052 | D73: 1 | E73: 295.12 | F73: 295.12 | G73: 295.12
... A1992: 1874 | B1992: 31 | C1992: SKU-000031 | D1992: 1 | E1992: 474.08 | F1992: 474.08 | G1992: 474.08

Sheet Issue_Flags
A1: sales_key | B1: unit_price | C1: missing_price_flag | D1: dup_count | E1: is_duplicate
A2: =Sales_Dirty!A2 -> 100 | B2: =Sales_Dirty!E2 -> 0 | C2: =IF(ISBLANK(Sales_Dirty!E2),"MISSING","ok") -> MISSING | D2: =COUNTIFS(Sales_Dirty!$A$2:$A$1992,Sales_Dirty!A2) -> 1 | E2: =IF(COUNTIFS(Sales_Dirty!$A$2:$A$1992,Sales_Dirty!A2)>1,"DUP","unique") -> unique
A3: =Sales_Dirty!A3 -> 119 | B3: =Sales_Dirty!E3 -> 0 | C3: =IF(ISBLANK(Sales_Dirty!E3),"MISSING","ok") -> MISSING | D3: =COUNTIFS(Sales_Dirty!$A$2:$A$1992,Sales_Dirty!A3) -> 1 | E3: =IF(COUNTIFS(Sales_Dirty!$A$2:$A$1992,Sales_Dirty!A3)>1,"DUP","unique") -> unique
A4: =Sales_Dirty!A4 -> 156 | B4: =Sales_Dirty!E4 -> 0 | C4: =IF(ISBLANK(Sales_Dirty!E4),"MISSING","ok") -> MISSING | D4: =COUNTIFS(Sales_Dirty!$A$2:$A$1992,Sales_Dirty!A4) -> 1 | E4: =IF(COUNTIFS(Sales_Dirty!$A$2:$A$1992,Sales_Dirty!A4)>1,"DUP","unique") -> unique
A5: =Sales_Dirty!A5 -> 381 | B5: =Sales_Dirty!E5 -> 0 | C5: =IF(ISBLANK(Sales_Dirty!E5),"MISSING","ok") -> MISSING | D5: =COUNTIFS(Sales_Dirty!$A$2:$A$1992,Sales_Dirty!A5) -> 1 | E5: =IF(COUNTIFS(Sales_Dirty!$A$2:$A$1992,Sales_Dirty!A5)>1,"DUP","unique") -> unique
A6: =Sales_Dirty!A6 -> 604 | B6: =Sales_Dirty!E6 -> 0 | C6: =IF(ISBLANK(Sales_Dirty!E6),"MISSING","ok") -> MISSING | D6: =COUNTIFS(Sales_Dirty!$A$2:$A$1992,Sales_Dirty!A6) -> 1 | E6: =IF(COUNTIFS(Sales_Dirty!$A$2:$A$1992,Sales_Dirty!A6)>1,"DUP","unique") -> unique
A7: =Sales_Dirty!A7 -> 622 | B7: =Sales_Dirty!E7 -> 0 | C7: =IF(ISBLANK(Sales_Dirty!E7),"MISSING","ok") -> MISSING | D7: =COUNTIFS(Sales_Dirty!$A$2:$A$1992,Sales_Dirty!A7) -> 1 | E7: =IF(COUNTIFS(Sales_Dirty!$A$2:$A$1992,Sales_Dirty!A7)>1,"DUP","unique") -> unique
A8: =Sales_Dirty!A8 -> 741 | B8: =Sales_Dirty!E8 -> 0 | C8: =IF(ISBLANK(Sales_Dirty!E8),"MISSING","ok") -> MISSING | D8: =COUNTIFS(Sales_Dirty!$A$2:$A$1992,Sales_Dirty!A8) -> 1 | E8: =IF(COUNTIFS(Sales_Dirty!$A$2:$A$1992,Sales_Dirty!A8)>1,"DUP","unique") -> unique
A9: =Sales_Dirty!A9 -> 824 | B9: =Sales_Dirty!E9 -> 0 | C9: =IF(ISBLANK(Sales_Dirty!E9),"MISSING","ok") -> MISSING | D9: =COUNTIFS(Sales_Dirty!$A$2:$A$1992,Sales_Dirty!A9) -> 1 | E9: =IF(COUNTIFS(Sales_Dirty!$A$2:$A$1992,Sales_Dirty!A9)>1,"DUP","unique") -> unique
A10: =Sales_Dirty!A10 -> 918 | B10: =Sales_Dirty!E10 -> 0 | C10: =IF(ISBLANK(Sales_Dirty!E10),"MISSING","ok") -> MISSING | D10: =COUNTIFS(Sales_Dirty!$A$2:$A$1992,Sales_Dirty!A10) -> 1 | E10: =IF(COUNTIFS(Sales_Dirty!$A$2:$A$1992,Sales_Dirty!A10)>1,"DUP","unique") -> unique
A11: =Sales_Dirty!A11 -> 1207 | B11: =Sales_Dirty!E11 -> 0 | C11: =IF(ISBLANK(Sales_Dirty!E11),"MISSING","ok") -> MISSING | D11: =COUNTIFS(Sales_Dirty!$A$2:$A$1992,Sales_Dirty!A11) -> 1 | E11: =IF(COUNTIFS(Sales_Dirty!$A$2:$A$1992,Sales_Dirty!A11)>1,"DUP","unique") -> unique
A12: =Sales_Dirty!A12 -> 1318 | B12: =Sales_Dirty!E12 -> 0 | C12: =IF(ISBLANK(Sales_Dirty!E12),"MISSING","ok") -> MISSING | D12: =COUNTIFS(Sales_Dirty!$A$2:$A$1992,Sales_Dirty!A12) -> 1 | E12: =IF(COUNTIFS(Sales_Dirty!$A$2:$A$1992,Sales_Dirty!A12)>1,"DUP","unique") -> unique
A13: =Sales_Dirty!A13 -> 1359 | B13: =Sales_Dirty!E13 -> 0 | C13: =IF(ISBLANK(Sales_Dirty!E13),"MISSING","ok") -> MISSING | D13: =COUNTIFS(Sales_Dirty!$A$2:$A$1992,Sales_Dirty!A13) -> 1 | E13: =IF(COUNTIFS(Sales_Dirty!$A$2:$A$1992,Sales_Dirty!A13)>1,"DUP","unique") -> unique
... A1992: =Sales_Dirty!A1992 -> 1874 | B1992: =Sales_Dirty!E1992 -> 474.08 | C1992: =IF(ISBLANK(Sales_Dirty!E1992),"MISSING","ok") -> ok | D1992: =COUNTIFS(Sales_Dirty!$A$2:$A$1992,Sales_Dirty!A1992) -> 1 | E1992: =IF(COUNTIFS(Sales_Dirty!$A$2:$A$1992,Sales_Dirty!A1992)>1,"DUP","unique") -> unique

Sheet Cleaning_Summary
A1: Data Quality Summary
A3: Metric | B3: Value
A4: Total rows | B4: =COUNTA(Sales_Dirty!A2:A1992) -> 1991
A5: Missing unit_price | B5: =COUNTBLANK(Sales_Dirty!E2:E1992) -> 60
A6: Duplicate rows (extra copies) | B6: =SUMPRODUCT((COUNTIFS(Sales_Dirty!A2:A1992,Sales_Dirty!A2:A1992)-1)/COUNTIFS(Sales_Dirty!A2:A1992,Sales_Dirty!A2:A1992)) -> 0
A7: Rows passing all checks | B7: =B4-B5-B6 -> 1931

Sheet Sales_Clean
A1: sales_key | B1: sku | C1: units_sold_qty | D1: unit_price_raw | E1: catalog_price | F1: unit_price_clean | G1: clean_net_sales
A2: =Sales_Dirty!A2 -> 100 | B2: =Sales_Dirty!C2 -> SKU-000001 | C2: =Sales_Dirty!D2 -> 1 | D2: =Sales_Dirty!E2 -> 0 | E2: =Sales_Dirty!F2 -> 119 | F2: =IF(ISBLANK(Sales_Dirty!E2),Sales_Dirty!F2,Sales_Dirty!E2) -> 119 | G2: =C2*F2 -> 119
A3: =Sales_Dirty!A3 -> 119 | B3: =Sales_Dirty!C3 -> SKU-000003 | C3: =Sales_Dirty!D3 -> 1 | D3: =Sales_Dirty!E3 -> 0 | E3: =Sales_Dirty!F3 -> 291.73 | F3: =IF(ISBLANK(Sales_Dirty!E3),Sales_Dirty!F3,Sales_Dirty!E3) -> 291.73 | G3: =C3*F3 -> 291.73
A4: =Sales_Dirty!A4 -> 156 | B4: =Sales_Dirty!C4 -> SKU-000003 | C4: =Sales_Dirty!D4 -> 1 | D4: =Sales_Dirty!E4 -> 0 | E4: =Sales_Dirty!F4 -> 291.73 | F4: =IF(ISBLANK(Sales_Dirty!E4),Sales_Dirty!F4,Sales_Dirty!E4) -> 291.73 | G4: =C4*F4 -> 291.73
A5: =Sales_Dirty!A5 -> 381 | B5: =Sales_Dirty!C5 -> SKU-000006 | C5: =Sales_Dirty!D5 -> 1 | D5: =Sales_Dirty!E5 -> 0 | E5: =Sales_Dirty!F5 -> 67.97 | F5: =IF(ISBLANK(Sales_Dirty!E5),Sales_Dirty!F5,Sales_Dirty!E5) -> 67.97 | G5: =C5*F5 -> 67.97
A6: =Sales_Dirty!A6 -> 604 | B6: =Sales_Dirty!C6 -> SKU-000013 | C6: =Sales_Dirty!D6 -> 1 | D6: =Sales_Dirty!E6 -> 0 | E6: =Sales_Dirty!F6 -> 402.08 | F6: =IF(ISBLANK(Sales_Dirty!E6),Sales_Dirty!F6,Sales_Dirty!E6) -> 402.08 | G6: =C6*F6 -> 402.08
A7: =Sales_Dirty!A7 -> 622 | B7: =Sales_Dirty!C7 -> SKU-000013 | C7: =Sales_Dirty!D7 -> 1 | D7: =Sales_Dirty!E7 -> 0 | E7: =Sales_Dirty!F7 -> 402.08 | F7: =IF(ISBLANK(Sales_Dirty!E7),Sales_Dirty!F7,Sales_Dirty!E7) -> 402.08 | G7: =C7*F7 -> 402.08
A8: =Sales_Dirty!A8 -> 741 | B8: =Sales_Dirty!C8 -> SKU-000013 | C8: =Sales_Dirty!D8 -> 1 | D8: =Sales_Dirty!E8 -> 0 | E8: =Sales_Dirty!F8 -> 402.08 | F8: =IF(ISBLANK(Sales_Dirty!E8),Sales_Dirty!F8,Sales_Dirty!E8) -> 402.08 | G8: =C8*F8 -> 402.08
A9: =Sales_Dirty!A9 -> 824 | B9: =Sales_Dirty!C9 -> SKU-000014 | C9: =Sales_Dirty!D9 -> 1 | D9: =Sales_Dirty!E9 -> 0 | E9: =Sales_Dirty!F9 -> 29.47 | F9: =IF(ISBLANK(Sales_Dirty!E9),Sales_Dirty!F9,Sales_Dirty!E9) -> 29.47 | G9: =C9*F9 -> 29.47
A10: =Sales_Dirty!A10 -> 918 | B10: =Sales_Dirty!C10 -> SKU-000016 | C10: =Sales_Dirty!D10 -> 1 | D10: =Sales_Dirty!E10 -> 0 | E10: =Sales_Dirty!F10 -> 358.35 | F10: =IF(ISBLANK(Sales_Dirty!E10),Sales_Dirty!F10,Sales_Dirty!E10) -> 358.35 | G10: =C10*F10 -> 358.35
A11: =Sales_Dirty!A11 -> 1207 | B11: =Sales_Dirty!C11 -> SKU-000023 | C11: =Sales_Dirty!D11 -> 1 | D11: =Sales_Dirty!E11 -> 0 | E11: =Sales_Dirty!F11 -> 275.12 | F11: =IF(ISBLANK(Sales_Dirty!E11),Sales_Dirty!F11,Sales_Dirty!E11) -> 275.12 | G11: =C11*F11 -> 275.12
A12: =Sales_Dirty!A12 -> 1318 | B12: =Sales_Dirty!C12 -> SKU-000027 | C12: =Sales_Dirty!D12 -> 2 | D12: =Sales_Dirty!E12 -> 0 | E12: =Sales_Dirty!F12 -> 174.04 | F12: =IF(ISBLANK(Sales_Dirty!E12),Sales_Dirty!F12,Sales_Dirty!E12) -> 174.04 | G12: =C12*F12 -> 348.08
A13: =Sales_Dirty!A13 -> 1359 | B13: =Sales_Dirty!C13 -> SKU-000027 | C13: =Sales_Dirty!D13 -> 1 | D13: =Sales_Dirty!E13 -> 0 | E13: =Sales_Dirty!F13 -> 174.04 | F13: =IF(ISBLANK(Sales_Dirty!E13),Sales_Dirty!F13,Sales_Dirty!E13) -> 174.04 | G13: =C13*F13 -> 174.04
... A1992: =Sales_Dirty!A1992 -> 1874 | B1992: =Sales_Dirty!C1992 -> SKU-000031 | C1992: =Sales_Dirty!D1992 -> 1 | D1992: =Sales_Dirty!E1992 -> 474.08 | E1992: =Sales_Dirty!F1992 -> 474.08 | F1992: =IF(ISBLANK(Sales_Dirty!E1992),Sales_Dirty!F1992,Sales_Dirty!E1992) -> 474.08 | G1992: =C1992*F1992 -> 474.08

Sheet PowerQuery_Steps
A1: Equivalent Power Query (M) — applied steps
A3: let | C3: Applied Step | D3: Purpose
A4: Source = Csv.Document(File.Contents("data/raw/fact_sales.csv"),[Delimiter=",", Columns=16, Encoding=65001]), | C4: Promoted Headers | D4: first row as column names
A5: Promoted = Table.PromoteHeaders(Source, [PromoteAllScalars=true]), | C5: Changed Type | D5: enforce numeric/int types
A6: Typed = Table.TransformColumnTypes(Promoted,{ | C6: Removed Duplicates | D6: drop duplicate sales rows
A7: {"sales_key", Int64.Type}, {"units_sold_qty", Int64.Type}, | C7: Merged dim_product | D7: bring in catalog price
A8: {"unit_price", type number}, {"net_sales_amount", type number}}), | C8: Added unit_price_clean | D8: impute missing price
A9: RemovedDupes = Table.Distinct(Typed), | C9: Removed Columns | D9: drop helper columns
A10: // impute missing unit_price from product catalog price
A11: Merged = Table.NestedJoin(RemovedDupes, {"product_key"}, dim_product, {"product_key"}, "prod", JoinKind.LeftOuter),
A12: ExpandedPrice = Table.ExpandTableColumn(Merged, "prod", {"unit_price"}, {"catalog_price"}),
A13: CleanPrice = Table.AddColumn(ExpandedPrice, "unit_price_clean",
A14: each if [unit_price] = null then [catalog_price] else [unit_price], type number),
A15: Final = Table.RemoveColumns(CleanPrice, {"unit_price","catalog_price"})
A16: in
A17: Final
